<?xml version="1.0" encoding="UTF-8"?>
<project-private xmlns="http://www.netbeans.org/ns/project-private/1">
    <editor-bookmarks xmlns="http://www.netbeans.org/ns/editor-bookmarks/2" lastBookmarkId="0"/>
    <open-files xmlns="http://www.netbeans.org/ns/projectui-open-files/2">
        <group>
            <file>file:/D:/java%20programs/Batch_2/Conditional_Statements/src/if_Else_Practice_Questions.txt</file>
            <file>file:/D:/java%20programs/Batch_2/Conditional_Statements/src/Upper_Lower_Case.java</file>
            <file>file:/D:/java%20programs/Batch_2/Conditional_Statements/src/ASCII.java</file>
            <file>file:/D:/java%20programs/Batch_2/Conditional_Statements/src/switch_case.java</file>
        </group>
    </open-files>
</project-private>
