<?xml version="1.0" encoding="UTF-8"?>
<project-private xmlns="http://www.netbeans.org/ns/project-private/1">
    <editor-bookmarks xmlns="http://www.netbeans.org/ns/editor-bookmarks/2" lastBookmarkId="0"/>
    <open-files xmlns="http://www.netbeans.org/ns/projectui-open-files/2">
        <group>
            <file>file:/D:/java%20programs/Batch_2/Arrays/src/Ways%20to%20declare%20an%20array</file>
            <file>file:/D:/java%20programs/Batch_2/Arrays/src/intArray.java</file>
            <file>file:/D:/java%20programs/Batch_2/Arrays/src/Array_forLoop.java</file>
            <file>file:/D:/java%20programs/Batch_2/Arrays/src/StringArray.java</file>
        </group>
    </open-files>
</project-private>
