<?xml version="1.0" encoding="UTF-8"?>
<project-private xmlns="http://www.netbeans.org/ns/project-private/1">
    <editor-bookmarks xmlns="http://www.netbeans.org/ns/editor-bookmarks/2" lastBookmarkId="0"/>
    <open-files xmlns="http://www.netbeans.org/ns/projectui-open-files/2">
        <group>
            <file>file:/D:/CENTERS%20DATA/GEXTON%20EDUCATTION/JAVA%20BATCHES/java%20programs/Batch_2/MDI_APP/src/frm_Main.java</file>
            <file>file:/D:/CENTERS%20DATA/GEXTON%20EDUCATTION/JAVA%20BATCHES/java%20programs/Batch_2/MDI_APP/src/frm_AddWithImage.java</file>
            <file>file:/D:/CENTERS%20DATA/GEXTON%20EDUCATTION/JAVA%20BATCHES/java%20programs/Batch_2/MDI_APP/src/frm_EditRecord.java</file>
            <file>file:/D:/CENTERS%20DATA/GEXTON%20EDUCATTION/JAVA%20BATCHES/java%20programs/Batch_2/MDI_APP/src/frm_AddStudent.java</file>
        </group>
    </open-files>
</project-private>
