<?xml version="1.0" encoding="UTF-8"?>
<project-private xmlns="http://www.netbeans.org/ns/project-private/1">
    <editor-bookmarks xmlns="http://www.netbeans.org/ns/editor-bookmarks/2" lastBookmarkId="0"/>
    <open-files xmlns="http://www.netbeans.org/ns/projectui-open-files/2">
        <group>
            <file>file:/D:/CENTERS%20DATA/GEXTON%20EDUCATTION/JAVA%20BATCHES/java%20programs/Batch_2/GUI_Application/src/Swing_Form.java</file>
            <file>file:/D:/CENTERS%20DATA/GEXTON%20EDUCATTION/JAVA%20BATCHES/java%20programs/Batch_2/GUI_Application/src/frm_Welcome.java</file>
        </group>
    </open-files>
</project-private>
