<?xml version="1.0" encoding="UTF-8"?>
<project-private xmlns="http://www.netbeans.org/ns/project-private/1">
    <editor-bookmarks xmlns="http://www.netbeans.org/ns/editor-bookmarks/2" lastBookmarkId="0"/>
    <open-files xmlns="http://www.netbeans.org/ns/projectui-open-files/2">
        <group>
            <file>file:/D:/java%20programs/Batch_2/Collections/src/Generic_ArrayList.java</file>
            <file>file:/D:/java%20programs/Batch_2/Collections/src/Students_ArrayList.java</file>
            <file>file:/D:/java%20programs/Batch_2/Collections/src/Students_Array.java</file>
            <file>file:/D:/java%20programs/Batch_2/Collections/src/Use_Students.java</file>
            <file>file:/D:/java%20programs/Batch_2/Collections/src/Student.java</file>
            <file>file:/D:/java%20programs/Batch_2/Collections/src/Students_ArrayList_Generic.java</file>
        </group>
    </open-files>
</project-private>
