<?xml version="1.0" encoding="UTF-8"?>
<project-private xmlns="http://www.netbeans.org/ns/project-private/1">
    <editor-bookmarks xmlns="http://www.netbeans.org/ns/editor-bookmarks/2" lastBookmarkId="0"/>
    <open-files xmlns="http://www.netbeans.org/ns/projectui-open-files/2">
        <group>
            <file>file:/D:/java%20programs/Batch_2/Loops_Repetative_Statement/src/For_Loop_Table.java</file>
            <file>file:/D:/java%20programs/Batch_2/Loops_Repetative_Statement/src/For_Numbers.java</file>
            <file>file:/D:/java%20programs/Batch_2/Loops_Repetative_Statement/src/Nested_For_Loop.java</file>
            <file>file:/D:/java%20programs/Batch_2/Loops_Repetative_Statement/src/format_Specifier.java</file>
        </group>
    </open-files>
</project-private>
