<?xml version="1.0" encoding="UTF-8"?>
<project-private xmlns="http://www.netbeans.org/ns/project-private/1">
    <editor-bookmarks xmlns="http://www.netbeans.org/ns/editor-bookmarks/2" lastBookmarkId="0"/>
    <open-files xmlns="http://www.netbeans.org/ns/projectui-open-files/2">
        <group>
            <file>file:/D:/java%20programs/Batch_2/Conditional_Statements/src/Even_Odd_Number.java</file>
            <file>file:/D:/java%20programs/Batch_2/Conditional_Statements/src/if_statement.java</file>
            <file>file:/D:/java%20programs/Batch_2/Conditional_Statements/src/if_else_if.java</file>
        </group>
    </open-files>
</project-private>
